Date,pm25_forecast
2026-01-01,114.7919441461563
2026-01-02,115.27375054359435
2026-01-03,116.17903602123259
2026-01-04,117.34573078155516
2026-01-05,118.62353932857512
2026-01-06,119.9846782684326
2026-01-07,121.40114653110503
2026-01-08,124.1877872943878
2026-01-09,128.69974911212918
2026-01-10,133.68517637252805
2026-01-11,138.94077932834622
2026-01-12,145.08647990226743
2026-01-13,152.43172454833982
2026-01-14,161.53114223480222
2026-01-15,168.69539904594419
2026-01-16,176.19748926162717
2026-01-17,183.8230810165405
2026-01-18,190.9320876598358
2026-01-19,195.5481877326965
2026-01-20,199.70097398757932
2026-01-21,203.82310748100278
2026-01-22,207.38082647323606
2026-01-23,210.63704419136045
2026-01-24,213.23582053184506
2026-01-25,215.3826022148132
2026-01-26,216.6663770675659
2026-01-27,217.82433509826657
2026-01-28,218.269660949707
2026-01-29,218.15124511718747
2026-01-30,218.1661064624786
2026-01-31,217.84901165962216
2026-02-01,216.82666587829587
2026-02-02,215.63827276229856
2026-02-03,214.17590451240537
2026-02-04,212.36418581008908
2026-02-05,210.23942899703977
2026-02-06,207.88971376419065
2026-02-07,205.42148375511167
2026-02-08,202.84069538116452
2026-02-09,200.25052714347837
2026-02-10,197.67543792724607
2026-02-11,195.1650776863098
2026-02-12,192.75617432594296
2026-02-13,190.46068024635312
2026-02-14,188.35494041442868
2026-02-15,186.40762925148007
2026-02-16,184.61093020439145
2026-02-17,182.25549602508542
2026-02-18,180.0042297840118
2026-02-19,177.91560721397397
2026-02-20,176.01586818695066
2026-02-21,174.23096323013303
2026-02-22,172.6194472312927
2026-02-23,171.11514663696286
2026-02-24,169.77305436134336
2026-02-25,168.5549187660217
2026-02-26,167.47718429565427
2026-02-27,166.5459458827972
2026-02-28,165.67688369750974
2026-03-01,164.72059273719785
2026-03-02,163.34907460212705
2026-03-03,162.03415226936337
2026-03-04,161.01942515373227
2026-03-05,159.9635770320892
2026-03-06,158.87745213508603
2026-03-07,157.88217735290525
2026-03-08,156.89080095291135
2026-03-09,155.9148597717285
2026-03-10,155.0348742008209
2026-03-11,154.21203851699826
2026-03-12,153.4405744075775
2026-03-13,152.68128037452695
2026-03-14,151.96827220916745
2026-03-15,151.33940577507016
2026-03-16,150.74999809265134
2026-03-17,150.22838664054868
2026-03-18,149.7634501457214
2026-03-19,149.31323647499082
2026-03-20,148.89424943923947
2026-03-21,148.5019574165344
2026-03-22,148.15925598144528
2026-03-23,147.9178531169891
2026-03-24,147.76029515266416
2026-03-25,147.67007827758786
2026-03-26,147.61749958992002
2026-03-27,147.59345626831052
2026-03-28,147.59345626831052
2026-03-29,147.6506457328796
2026-03-30,147.7839031219482
2026-03-31,147.93429756164548
2026-04-01,148.15458583831784
2026-04-02,148.28845667839047
2026-04-03,148.34491395950315
2026-04-04,148.32904338836667
2026-04-05,148.20851016044614
2026-04-06,148.0129973888397
2026-04-07,147.81445693969724
2026-04-08,147.61385846137998
2026-04-09,147.38874173164365
2026-04-10,147.16411972045896
2026-04-11,146.91751241683957
2026-04-12,146.7024879455566
2026-04-13,146.499059677124
2026-04-14,146.2787911891937
2026-04-15,146.08088397979733
2026-04-16,145.900826215744
2026-04-17,145.7321271896362
2026-04-18,145.56734633445737
2026-04-19,145.38544821739194
2026-04-20,145.21532440185544
2026-04-21,145.06904602050778
2026-04-22,144.9188890457153
2026-04-23,144.7861461639404
2026-04-24,144.6905467510223
2026-04-25,144.62726235389707
2026-04-26,144.6055541038513
2026-04-27,144.6201384067535
2026-04-28,144.64234137535092
2026-04-29,144.69434618949887
2026-04-30,144.7510607242584
2026-05-01,144.79439806938169
2026-05-02,144.81056547164914
2026-05-03,144.76528882980344
2026-05-04,144.68383836746213
2026-05-05,144.57593035697934
2026-05-06,144.41239619255063
2026-05-07,144.20190334320066
2026-05-08,144.00506472587583
2026-05-09,143.7914452552795
2026-05-10,143.5792505741119
2026-05-11,143.3505718708038
2026-05-12,143.07396483421323
2026-05-13,142.80313611030576
2026-05-14,142.54538774490354
2026-05-15,142.2616567611694
2026-05-16,141.95586133003232
2026-05-17,141.66391801834104
2026-05-18,141.4191708564758
2026-05-19,141.12204289436337
2026-05-20,140.73871517181394
2026-05-21,140.31719517707822
2026-05-22,139.89303338527677
2026-05-23,139.4162731170654
2026-05-24,138.88719141483304
2026-05-25,138.3161971569061
2026-05-26,137.6987587213516
2026-05-27,137.0869798660278
2026-05-28,136.48476886749265
2026-05-29,135.94083571434018
2026-05-30,135.47582995891568
2026-05-31,135.0356590747833
2026-06-01,134.70012116432187
2026-06-02,134.32660865783689
2026-06-03,133.8888915777206
2026-06-04,133.3956670761108
2026-06-05,132.8629739284515
2026-06-06,132.26098060607907
2026-06-07,131.60043239593503
2026-06-08,130.91010212898252
2026-06-09,130.20842301845548
2026-06-10,129.5213677883148
2026-06-11,128.83627164363858
2026-06-12,128.17941403388974
2026-06-13,127.5255445241928
2026-06-14,126.78971004486083
2026-06-15,125.97443366050719
2026-06-16,125.18039059638976
2026-06-17,124.3776602745056
2026-06-18,123.5949363708496
2026-06-19,122.76526367664336
2026-06-20,121.92476654052733
2026-06-21,121.52258014678954
2026-06-22,121.26218008995055
2026-06-23,121.01422715187071
2026-06-24,120.79049563407897
2026-06-25,120.57264137268065
2026-06-26,120.34809851646422
2026-06-27,120.10675501823424
2026-06-28,119.87823462486266
2026-06-29,119.67514276504515
2026-06-30,119.48372626304625
2026-07-01,119.28953933715819
2026-07-02,119.14462637901305
2026-07-03,118.98012256622313
2026-07-04,118.77500236034392
2026-07-05,118.54805517196654
2026-07-06,118.32094967365263
2026-07-07,118.07797360420226
2026-07-08,117.83758985996245
2026-07-09,117.59517776966094
2026-07-10,117.34905529022215
2026-07-11,117.11756658554076
2026-07-12,116.88461351394652
2026-07-13,116.65844798088072
2026-07-14,116.44792544841765
2026-07-15,116.24118256568907
2026-07-16,116.03703200817107
2026-07-17,115.83351469039916
2026-07-18,115.62946307659148
2026-07-19,115.43985724449156
2026-07-20,115.27459156513213
2026-07-21,115.11805272102355
2026-07-22,114.95451855659483
2026-07-23,114.7865912914276
2026-07-24,114.62086057662962
2026-07-25,114.46550905704497
2026-07-26,114.31791472434996
2026-07-27,114.18424177169798
2026-07-28,114.06848752498625
2026-07-29,113.97268033027648
2026-07-30,113.89086377620696
2026-07-31,113.82493758201598
2026-08-01,113.79347348213194
2026-08-02,113.7567455768585
2026-08-03,113.72968447208403
2026-08-04,113.68780159950255
2026-08-05,113.64527559280394
2026-08-06,113.59384465217589
2026-08-07,113.53610110282897
2026-08-08,113.47062015533446
2026-08-09,113.40226984024046
2026-08-10,113.34417009353636
2026-08-11,113.27782833576201
2026-08-12,113.24099159240721
2026-08-13,113.21203076839446
2026-08-14,113.18477177619933
2026-08-15,113.1638352870941
2026-08-16,113.14598584175108
2026-08-17,113.12712717056273
2026-08-18,113.1073977947235
2026-08-19,113.10500335693358
2026-08-20,113.12418854236601
2026-08-21,113.17181015014647
2026-08-22,113.24568152427672
2026-08-23,113.3307830095291
2026-08-24,113.42696619033812
2026-08-25,113.52341651916502
2026-08-26,113.61917424201964
2026-08-27,113.71629738807677
2026-08-28,113.80465412139891
2026-08-29,113.92285227775572
2026-08-30,114.05078649520873
2026-08-31,114.19132614135741
2026-09-01,114.35805618762969
2026-09-02,114.5370750427246
2026-09-03,114.74353098869322
2026-09-04,114.9519064426422
2026-09-05,115.17100739479064
2026-09-06,115.39695525169371
2026-09-07,115.65739488601683
2026-09-08,115.9297671318054
2026-09-09,116.20283198356627
2026-09-10,116.48327803611754
2026-09-11,116.76975965499877
2026-09-12,117.06815409660338
2026-09-13,117.36402547359465
2026-09-14,117.66458678245543
2026-09-15,117.96923446655272
2026-09-16,118.29454159736632
2026-09-17,118.62772464752196
2026-09-18,118.94855952262877
2026-09-19,119.2787742614746
2026-09-20,119.6268582344055
2026-09-21,119.98768615722655
2026-09-22,120.36066436767577
2026-09-23,120.68175649642943
2026-09-24,121.02807927131651
2026-09-25,121.37956690788268
2026-09-26,121.76544737815856
2026-09-27,122.1534056663513
2026-09-28,122.5672674179077
2026-09-29,122.97706258296965
2026-09-30,124.18479919433592
2026-10-01,125.459619641304
2026-10-02,126.56101155281065
2026-10-03,128.08094525337216
2026-10-04,129.76957798004148
2026-10-05,131.68951141834256
2026-10-06,133.77857923507688
2026-10-07,136.03305125236508
2026-10-08,138.75506198406217
2026-10-09,142.87023973464963
2026-10-10,147.22136855125424
2026-10-11,151.69967961311337
2026-10-12,156.77770829200742
2026-10-13,161.0614762306213
2026-10-14,164.109397649765
2026-10-15,166.64342522621152
2026-10-16,168.93951296806333
2026-10-17,171.25042247772214
2026-10-18,173.94143414497373
2026-10-19,176.82322907447812
2026-10-20,179.91868305206296
2026-10-21,183.74525189399716
2026-10-22,187.46723723411557
2026-10-23,191.32010531425473
2026-10-24,196.75803184509275
2026-10-25,203.89222955703733
2026-10-26,213.70287442207334
2026-10-27,228.5642395019531
2026-10-28,245.5185806751251
2026-10-29,261.6267156600952
2026-10-30,275.03329157829285
2026-10-31,285.97591185569763
2026-11-01,290.20150089263916
2026-11-02,293.58507895469666
2026-11-03,296.1805307865143
2026-11-04,298.1776897907257
2026-11-05,299.85154032707214
2026-11-06,301.2553734779358
2026-11-07,302.1089608669281
2026-11-08,302.400488615036
2026-11-09,302.13943552970886
2026-11-10,301.604150056839
2026-11-11,300.82556200027466
2026-11-12,299.793123960495
2026-11-13,298.66496777534485
2026-11-14,297.49614572525024
2026-11-15,296.2354247570038
2026-11-16,294.92701292037964
2026-11-17,293.57757902145386
2026-11-18,292.23600125312805
2026-11-19,290.8767521381378
2026-11-20,289.5526478290558
2026-11-21,288.2741367816925
2026-11-22,287.02079701423645
2026-11-23,285.8451874256134
2026-11-24,284.73982787132263
2026-11-25,283.70242285728455
2026-11-26,282.7371082305908
2026-11-27,281.81766390800476
2026-11-28,280.9603760242462
2026-11-29,280.1599807739258
2026-11-30,279.40492153167725
2026-12-01,278.8021168708801
2026-12-02,278.3245551586151
2026-12-03,277.8923690319061
2026-12-04,277.4775376319885
2026-12-05,277.0592432022095
2026-12-06,276.65689849853516
2026-12-07,276.30566811561584
2026-12-08,275.9481053352356
2026-12-09,275.6085305213928
2026-12-10,275.28888297080994
2026-12-11,274.96935415267944
2026-12-12,274.66403365135193
2026-12-13,274.3203032016754
2026-12-14,273.88851284980774
2026-12-15,273.39486289024353
2026-12-16,272.89695835113525
2026-12-17,272.45097947120667
2026-12-18,272.07044196128845
2026-12-19,271.739732503891
2026-12-20,271.46385765075684
2026-12-21,271.23838472366333
2026-12-22,271.041090965271
2026-12-23,270.8505847454071
2026-12-24,270.6662130355835
2026-12-25,270.4813070297241
2026-12-26,270.2839539051056
2026-12-27,270.0714030265808
2026-12-28,269.84818601608276
2026-12-29,269.59170413017273
2026-12-30,269.31327652931213
2026-12-31,269.04897809028625
2027-01-01,268.8063087463379
2027-01-02,268.42515778541565
2027-01-03,267.80133748054504
2027-01-04,266.86618089675903
2027-01-05,265.66209530830383
2027-01-06,264.2118179798126
2027-01-07,262.5658497810364
2027-01-08,260.7463541030884
2027-01-09,258.75863432884216
2027-01-10,256.712557554245
2027-01-11,254.68080782890317
2027-01-12,252.68165016174314
2027-01-13,250.7242269515991
2027-01-14,248.76799106597898
2027-01-15,246.80763912200925
2027-01-16,244.86009049415586
2027-01-17,242.91151285171506
2027-01-18,240.96151041984555
2027-01-19,239.0075304508209
2027-01-20,237.05578660964963
2027-01-21,235.1187853813171
2027-01-22,233.18688964843747
2027-01-23,231.23356270790097
2027-01-24,229.30257725715634
2027-01-25,227.43072056770322
2027-01-26,225.6142129898071
2027-01-27,223.8311879634857
2027-01-28,222.14641404151914
2027-01-29,220.57952165603635
2027-01-30,219.148558139801
2027-01-31,217.84901165962216
2027-02-01,216.82666587829587
2027-02-02,215.63827276229856
2027-02-03,214.17590451240537
2027-02-04,212.36418581008908
2027-02-05,210.23942899703977
2027-02-06,207.88971376419065
2027-02-07,205.42148375511167
2027-02-08,202.84069538116452
2027-02-09,200.25052714347837
2027-02-10,197.67543792724607
2027-02-11,195.1650776863098
2027-02-12,192.75617432594296
2027-02-13,190.46068024635312
2027-02-14,188.35494041442868
2027-02-15,186.40762925148007
2027-02-16,184.61093020439145
2027-02-17,182.25549602508542
2027-02-18,180.0042297840118
2027-02-19,177.91560721397397
2027-02-20,176.01586818695066
2027-02-21,174.23096323013303
2027-02-22,172.6194472312927
2027-02-23,171.11514663696286
2027-02-24,169.77305436134336
2027-02-25,168.5549187660217
2027-02-26,167.47718429565427
2027-02-27,166.5459458827972
2027-02-28,165.67688369750974
2027-03-01,164.72059273719785
2027-03-02,163.34907460212705
2027-03-03,162.03415226936337
2027-03-04,161.01942515373227
2027-03-05,159.9635770320892
2027-03-06,158.87745213508603
2027-03-07,157.88217735290525
2027-03-08,156.89080095291135
2027-03-09,155.9148597717285
2027-03-10,155.0348742008209
2027-03-11,154.21203851699826
2027-03-12,153.4405744075775
2027-03-13,152.68128037452695
2027-03-14,151.96827220916745
2027-03-15,151.33940577507016
2027-03-16,150.74999809265134
2027-03-17,150.22838664054868
2027-03-18,149.7634501457214
2027-03-19,149.31323647499082
2027-03-20,148.89424943923947
2027-03-21,148.5019574165344
2027-03-22,148.15925598144528
2027-03-23,147.9178531169891
2027-03-24,147.76029515266416
2027-03-25,147.67007827758786
2027-03-26,147.61749958992002
2027-03-27,147.59345626831052
2027-03-28,147.59345626831052
2027-03-29,147.6506457328796
2027-03-30,147.7839031219482
2027-03-31,147.93429756164548
2027-04-01,148.15458583831784
2027-04-02,148.28845667839047
2027-04-03,148.34491395950315
2027-04-04,148.32904338836667
2027-04-05,148.20851016044614
2027-04-06,148.0129973888397
2027-04-07,147.81445693969724
2027-04-08,147.61385846137998
2027-04-09,147.38874173164365
2027-04-10,147.16411972045896
2027-04-11,146.91751241683957
2027-04-12,146.7024879455566
2027-04-13,146.499059677124
2027-04-14,146.2787911891937
2027-04-15,146.08088397979733
2027-04-16,145.900826215744
2027-04-17,145.7321271896362
2027-04-18,145.56734633445737
2027-04-19,145.38544821739194
2027-04-20,145.21532440185544
2027-04-21,145.06904602050778
2027-04-22,144.9188890457153
2027-04-23,144.7861461639404
2027-04-24,144.6905467510223
2027-04-25,144.62726235389707
2027-04-26,144.6055541038513
2027-04-27,144.6201384067535
2027-04-28,144.64234137535092
2027-04-29,144.69434618949887
2027-04-30,144.7510607242584
2027-05-01,144.79439806938169
2027-05-02,144.81056547164914
2027-05-03,144.76528882980344
2027-05-04,144.68383836746213
2027-05-05,144.57593035697934
2027-05-06,144.41239619255063
2027-05-07,144.20190334320066
2027-05-08,144.00506472587583
2027-05-09,143.7914452552795
2027-05-10,143.5792505741119
2027-05-11,143.3505718708038
2027-05-12,143.07396483421323
2027-05-13,142.80313611030576
2027-05-14,142.54538774490354
2027-05-15,142.2616567611694
2027-05-16,141.95586133003232
2027-05-17,141.66391801834104
2027-05-18,141.4191708564758
2027-05-19,141.12204289436337
2027-05-20,140.73871517181394
2027-05-21,140.31719517707822
2027-05-22,139.89303338527677
2027-05-23,139.4162731170654
2027-05-24,138.88719141483304
2027-05-25,138.3161971569061
2027-05-26,137.6987587213516
2027-05-27,137.0869798660278
2027-05-28,136.48476886749265
2027-05-29,135.94083571434018
2027-05-30,135.47582995891568
2027-05-31,135.0356590747833
2027-06-01,134.70012116432187
2027-06-02,134.32660865783689
2027-06-03,133.8888915777206
2027-06-04,133.3956670761108
2027-06-05,132.8629739284515
2027-06-06,132.26098060607907
2027-06-07,131.60043239593503
2027-06-08,130.91010212898252
2027-06-09,130.20842301845548
2027-06-10,129.5213677883148
2027-06-11,128.83627164363858
2027-06-12,128.17941403388974
2027-06-13,127.5255445241928
2027-06-14,126.78971004486083
2027-06-15,125.97443366050719
2027-06-16,125.18039059638976
2027-06-17,124.3776602745056
2027-06-18,123.5949363708496
2027-06-19,122.76526367664336
2027-06-20,121.92476654052733
2027-06-21,121.52258014678954
2027-06-22,121.26218008995055
2027-06-23,121.01422715187071
2027-06-24,120.79049563407897
2027-06-25,120.57264137268065
2027-06-26,120.34809851646422
2027-06-27,120.10675501823424
2027-06-28,119.87823462486266
2027-06-29,119.67514276504515
2027-06-30,119.48372626304625
2027-07-01,119.28953933715819
2027-07-02,119.14462637901305
2027-07-03,118.98012256622313
2027-07-04,118.77500236034392
2027-07-05,118.54805517196654
2027-07-06,118.32094967365263
2027-07-07,118.07797360420226
2027-07-08,117.83758985996245
2027-07-09,117.59517776966094
2027-07-10,117.34905529022215
2027-07-11,117.11756658554076
2027-07-12,116.88461351394652
2027-07-13,116.65844798088072
2027-07-14,116.44792544841765
2027-07-15,116.24118256568907
2027-07-16,116.03703200817107
2027-07-17,115.83351469039916
2027-07-18,115.62946307659148
2027-07-19,115.43985724449156
2027-07-20,115.27459156513213
2027-07-21,115.11805272102355
2027-07-22,114.95451855659483
2027-07-23,114.7865912914276
2027-07-24,114.62086057662962
2027-07-25,114.46550905704497
2027-07-26,114.31791472434996
2027-07-27,114.18424177169798
2027-07-28,114.06848752498625
2027-07-29,113.97268033027648
2027-07-30,113.89086377620696
2027-07-31,113.82493758201598
2027-08-01,113.79347348213194
2027-08-02,113.7567455768585
2027-08-03,113.72968447208403
2027-08-04,113.68780159950255
2027-08-05,113.64527559280394
2027-08-06,113.59384465217589
2027-08-07,113.53610110282897
2027-08-08,113.47062015533446
2027-08-09,113.40226984024046
2027-08-10,113.34417009353636
2027-08-11,113.27782833576201
2027-08-12,113.24099159240721
2027-08-13,113.21203076839446
2027-08-14,113.18477177619933
2027-08-15,113.1638352870941
2027-08-16,113.14598584175108
2027-08-17,113.12712717056273
2027-08-18,113.1073977947235
2027-08-19,113.10500335693358
2027-08-20,113.12418854236601
2027-08-21,113.17181015014647
2027-08-22,113.24568152427672
2027-08-23,113.3307830095291
2027-08-24,113.42696619033812
2027-08-25,113.52341651916502
2027-08-26,113.61917424201964
2027-08-27,113.71629738807677
2027-08-28,113.80465412139891
2027-08-29,113.92285227775572
2027-08-30,114.05078649520873
2027-08-31,114.19132614135741
2027-09-01,114.35805618762969
2027-09-02,114.5370750427246
2027-09-03,114.74353098869322
2027-09-04,114.9519064426422
2027-09-05,115.17100739479064
2027-09-06,115.39695525169371
2027-09-07,115.65739488601683
2027-09-08,115.9297671318054
2027-09-09,116.20283198356627
2027-09-10,116.48327803611754
2027-09-11,116.76975965499877
2027-09-12,117.06815409660338
2027-09-13,117.36402547359465
2027-09-14,117.66458678245543
2027-09-15,117.96923446655272
2027-09-16,118.29454159736632
2027-09-17,118.62772464752196
2027-09-18,118.94855952262877
2027-09-19,119.2787742614746
2027-09-20,119.6268582344055
2027-09-21,119.98768615722655
2027-09-22,120.36066436767577
2027-09-23,120.68175649642943
2027-09-24,121.02807927131651
2027-09-25,121.37956690788268
2027-09-26,121.76544737815856
2027-09-27,122.1534056663513
2027-09-28,122.5672674179077
2027-09-29,122.97706258296965
2027-09-30,124.18479919433592
2027-10-01,125.459619641304
2027-10-02,126.56101155281065
2027-10-03,128.08094525337216
2027-10-04,129.76957798004148
2027-10-05,131.68951141834256
2027-10-06,133.77857923507688
2027-10-07,136.03305125236508
2027-10-08,138.75506198406217
2027-10-09,142.87023973464963
2027-10-10,147.22136855125424
2027-10-11,151.69967961311337
2027-10-12,156.77770829200742
2027-10-13,161.0614762306213
2027-10-14,164.109397649765
2027-10-15,166.64342522621152
2027-10-16,168.93951296806333
2027-10-17,171.25042247772214
2027-10-18,173.94143414497373
2027-10-19,176.82322907447812
2027-10-20,179.91868305206296
2027-10-21,183.74525189399716
2027-10-22,187.46723723411557
2027-10-23,191.32010531425473
2027-10-24,196.75803184509275
2027-10-25,203.89222955703733
2027-10-26,213.70287442207334
2027-10-27,228.5642395019531
2027-10-28,245.5185806751251
2027-10-29,261.6267156600952
2027-10-30,275.03329157829285
2027-10-31,285.97591185569763
2027-11-01,290.20150089263916
2027-11-02,293.58507895469666
2027-11-03,296.1805307865143
2027-11-04,298.1776897907257
2027-11-05,299.85154032707214
2027-11-06,301.2553734779358
2027-11-07,302.1089608669281
2027-11-08,302.400488615036
2027-11-09,302.13943552970886
2027-11-10,301.604150056839
2027-11-11,300.82556200027466
2027-11-12,299.793123960495
2027-11-13,298.66496777534485
2027-11-14,297.49614572525024
2027-11-15,296.2354247570038
2027-11-16,294.92701292037964
2027-11-17,293.57757902145386
2027-11-18,292.23600125312805
2027-11-19,290.8767521381378
2027-11-20,289.5526478290558
2027-11-21,288.2741367816925
2027-11-22,287.02079701423645
2027-11-23,285.8451874256134
2027-11-24,284.73982787132263
2027-11-25,283.70242285728455
2027-11-26,282.7371082305908
2027-11-27,281.81766390800476
2027-11-28,280.9603760242462
2027-11-29,280.1599807739258
2027-11-30,279.40492153167725
2027-12-01,278.8021168708801
2027-12-02,278.3245551586151
2027-12-03,277.8923690319061
2027-12-04,277.4775376319885
2027-12-05,277.0592432022095
2027-12-06,276.65689849853516
2027-12-07,276.30566811561584
2027-12-08,275.9481053352356
2027-12-09,275.6085305213928
2027-12-10,275.28888297080994
2027-12-11,274.96935415267944
2027-12-12,274.66403365135193
2027-12-13,274.3203032016754
2027-12-14,273.88851284980774
2027-12-15,273.39486289024353
2027-12-16,272.89695835113525
2027-12-17,272.45097947120667
2027-12-18,272.07044196128845
2027-12-19,271.739732503891
2027-12-20,271.46385765075684
2027-12-21,271.23838472366333
2027-12-22,271.041090965271
2027-12-23,270.8505847454071
2027-12-24,270.6662130355835
2027-12-25,270.4813070297241
2027-12-26,270.2839539051056
2027-12-27,270.0714030265808
2027-12-28,269.84818601608276
2027-12-29,269.59170413017273
2027-12-30,269.31327652931213
2027-12-31,269.04897809028625
2028-01-01,268.8063087463379
2028-01-02,268.42515778541565
2028-01-03,267.80133748054504
2028-01-04,266.86618089675903
2028-01-05,265.66209530830383
2028-01-06,264.2118179798126
2028-01-07,262.5658497810364
2028-01-08,260.7463541030884
2028-01-09,258.75863432884216
2028-01-10,256.712557554245
2028-01-11,254.68080782890317
2028-01-12,252.68165016174314
2028-01-13,250.7242269515991
2028-01-14,248.76799106597898
2028-01-15,246.80763912200925
2028-01-16,244.86009049415586
2028-01-17,242.91151285171506
2028-01-18,240.96151041984555
2028-01-19,239.0075304508209
2028-01-20,237.05578660964963
2028-01-21,235.1187853813171
2028-01-22,233.18688964843747
2028-01-23,231.23356270790097
2028-01-24,229.30257725715634
2028-01-25,227.43072056770322
2028-01-26,225.6142129898071
2028-01-27,223.8311879634857
2028-01-28,222.14641404151914
2028-01-29,220.57952165603635
2028-01-30,219.148558139801
2028-01-31,217.84901165962216
2028-02-01,216.82666587829587
2028-02-02,215.63827276229856
2028-02-03,214.17590451240537
2028-02-04,212.36418581008908
2028-02-05,210.23942899703977
2028-02-06,207.88971376419065
2028-02-07,205.42148375511167
2028-02-08,202.84069538116452
2028-02-09,200.25052714347837
2028-02-10,197.67543792724607
2028-02-11,195.1650776863098
2028-02-12,192.75617432594296
2028-02-13,190.46068024635312
2028-02-14,188.35494041442868
2028-02-15,186.40762925148007
2028-02-16,184.61093020439145
2028-02-17,182.25549602508542
2028-02-18,180.0042297840118
2028-02-19,177.91560721397397
2028-02-20,176.01586818695066
2028-02-21,174.23096323013303
2028-02-22,172.6194472312927
2028-02-23,171.11514663696286
2028-02-24,169.77305436134336
2028-02-25,168.5549187660217
2028-02-26,167.47718429565427
2028-02-27,166.5459458827972
2028-02-28,165.67688369750974
2028-02-29,164.72059273719785
2028-03-01,163.4278140068054
2028-03-02,162.21361637115476
2028-03-03,161.30048465728757
2028-03-04,160.33117270469663
2028-03-05,159.32331228256223
2028-03-06,158.3579382896423
2028-03-07,157.39058542251584
2028-03-08,156.42071938514707
2028-03-09,155.5356876850128
2028-03-10,154.6935381889343
2028-03-11,153.89239096641538
2028-03-12,153.1029586791992
2028-03-13,152.3641262054443
2028-03-14,151.70409250259397
2028-03-15,151.07977747917172
2028-03-16,150.53511214256284
2028-03-17,150.03732633590695
2028-03-18,149.5649888515472
2028-03-19,149.12498617172238
2028-03-20,148.71110463142392
2028-03-21,148.3488321304321
2028-03-22,148.09074735641477
2028-03-23,147.91761565208432
2028-03-24,147.81956243515012
2028-03-25,147.76185846328733
2028-03-26,147.72845506668088
2028-03-27,147.71826386451718
2028-03-28,147.77018952369687
2028-03-29,147.88381648063657
2028-03-30,148.01630210876462
2028-03-31,148.15458583831784
2028-04-01,148.35302734374997
2028-04-02,148.49299311637876
2028-04-03,148.5609674453735
2028-04-04,148.51982665061948
2028-04-05,148.39173412322995
2028-04-06,148.21824622154233
2028-04-07,148.00615048408505
2028-04-08,147.7959940433502
2028-04-09,147.56800794601438
2028-04-10,147.31279253959653
2028-04-11,147.08565735816953
2028-04-12,146.859274148941
2028-04-13,146.6153779029846
2028-04-14,146.39061737060544
2028-04-15,146.1850914955139
2028-04-16,145.98643231391904
2028-04-17,145.78704094886777
2028-04-18,145.58210873603818
2028-04-19,145.38623976707456
2028-04-20,145.2061820030212
2028-04-21,145.0417969226837
2028-04-22,144.89177846908566
2028-04-23,144.77136397361753
2028-04-24,144.69887781143186
2028-04-25,144.65656948089597
2028-04-26,144.66418814659116
2028-04-27,144.68191885948178
2028-04-28,144.7244448661804
2028-04-29,144.79002475738523
2028-04-30,144.83890295028684
2028-05-01,144.82073688507077
2028-05-02,144.79040074348447
2028-05-03,144.72608733177182
2028-05-04,144.63626623153684
2028-05-05,144.49109601974484
2028-05-06,144.2976412773132
2028-05-07,144.11742520332334
2028-05-08,143.91874623298642
2028-05-09,143.7180685997009
2028-05-10,143.50239109992978
2028-05-11,143.24389076232907
2028-05-12,142.98843789100644
2028-05-13,142.72633600234983
2028-05-14,142.44015121459958
2028-05-15,142.14428973197934
2028-05-16,141.86204290390012
2028-05-17,141.61193299293515
2028-05-18,141.32382869720456
2028-05-19,140.95140457153317
2028-05-20,140.52531337738034
2028-05-21,140.0981931686401
2028-05-22,139.61703979969022
2028-05-23,139.09263813495633
2028-05-24,138.5194671154022
2028-05-25,137.89832818508145
2028-05-26,137.2794847488403
2028-05-27,136.66789388656613
2028-05-28,136.08826184272763
2028-05-29,135.56250464916226
2028-05-30,135.09827065467832
2028-05-31,134.70012116432187
2028-06-01,134.3793258666992
2028-06-02,134.01111674308774
2028-06-03,133.5879542827606
2028-06-04,133.11727905273435
2028-06-05,132.56655836105344
2028-06-06,131.93785023689267
2028-06-07,131.26808047294614
2028-06-08,130.58048105239865
2028-06-09,129.8969779014587
2028-06-10,129.2172346115112
2028-06-11,128.56086182594296
2028-06-12,127.89983868598937
2028-06-13,127.16078853607176
2028-06-14,126.34083211421965
2028-06-15,125.53720140457152
2028-06-16,124.72475481033324
2028-06-17,123.9217276573181
2028-06-18,123.08171534538268
2028-06-19,122.22676253318785
2028-06-20,121.60542571544646
2028-06-21,121.34330403804778
2028-06-22,121.09635043144225
2028-06-23,120.8741327524185
2028-06-24,120.65894007682799
2028-06-25,120.43457531929015
2028-06-26,120.19087696075438
2028-06-27,119.95986318588255
2028-06-28,119.7510721683502
2028-06-29,119.55262076854704
2028-06-30,119.34939038753508
2028-07-01,119.15697455406188
2028-07-02,119.01470339298247
2028-07-03,118.8351205587387
2028-07-04,118.62962436676024
2028-07-05,118.421169757843
2028-07-06,118.19261968135832
2028-07-07,117.96186316013335
2028-07-08,117.7257636785507
2028-07-09,117.48357915878294
2028-07-10,117.2524070739746
2028-07-11,117.01798963546752
2028-07-12,116.78919219970702
2028-07-13,116.57450413703917
2028-07-14,116.36301195621489
2028-07-15,116.15411210060118
2028-07-16,115.94545960426329
2028-07-17,115.7361738681793
2028-07-18,115.54137349128722
2028-07-19,115.37041854858397
2028-07-20,115.20773530006407
2028-07-21,115.03804683685301
2028-07-22,114.86383664608
2028-07-23,114.69340610504149
2028-07-24,114.5363824367523
2028-07-25,114.38390028476714
2028-07-26,114.24457764625548
2028-07-27,114.1227581501007
2028-07-28,114.02258753776549
2028-07-29,113.93535876274107
2028-07-30,113.86361467838286
2028-07-31,113.79347348213194
2028-08-01,113.76515579223631
2028-08-02,113.75146198272704
2028-08-03,113.72391605377196
2028-08-04,113.69443082809447
2028-08-05,113.65384411811827
2028-08-06,113.60469877719878
2028-08-07,113.54520392417906
2028-08-08,113.48086082935332
2028-08-09,113.42503678798674
2028-08-10,113.36004066467284
2028-08-11,113.32291698455809
2028-08-12,113.293550491333
2028-08-13,113.26436209678648
2028-08-14,113.24089264869689
2028-08-15,113.21992647647856
2028-08-16,113.19822812080382
2028-08-17,113.17503571510314
2028-08-18,113.16827785968779
2028-08-19,113.18354487419127
2028-08-20,113.22751545906065
2028-08-21,113.29698383808135
2028-08-22,113.37860250473021
2028-08-23,113.4714512825012
2028-08-24,113.56551706790923
2028-08-25,113.6571785211563
2028-08-26,113.75110578536986
2028-08-27,113.83835434913634
2028-08-28,113.9547814130783
2028-08-29,114.07511675357817
2028-08-30,114.20622706413268
2028-08-31,114.35805618762969
2028-09-01,114.52725982666014
2028-09-02,114.72297048568724
2028-09-03,114.92077875137328
2028-09-04,115.13068783283232
2028-09-05,115.34873008728026
2028-09-06,115.60224366188048
2028-09-07,115.87058889865874
2028-09-08,116.14063596725462
2028-09-09,116.4199936389923
2028-09-10,116.7073162794113
2028-09-11,117.00645279884337
2028-09-12,117.30390727519988
2028-09-13,117.60633862018584
2028-09-14,117.91269803047179
2028-09-15,118.24005329608916
2028-09-16,118.57659053802489
2028-09-17,118.9010863304138
2028-09-18,119.23431885242461
2028-09-19,119.58273923397063
2028-09-20,119.9453580379486
2028-09-21,120.3228381872177
2028-09-22,120.64473176002501
2028-09-23,120.9904806613922
2028-09-24,121.34049403667449
2028-09-25,121.72175383567809
2028-09-26,122.10708022117613
2028-09-27,122.52421700954436
2028-09-28,122.93335914611815
2028-09-29,124.06206941604613
2028-09-30,125.28653740882872
2028-10-01,126.44809699058531
2028-10-02,127.82669949531554
2028-10-03,129.3781962394714
2028-10-04,131.17986226081845
2028-10-05,133.1501976251602
2028-10-06,135.31022787094113
2028-10-07,137.77161097526547
2028-10-08,141.51308822631833
2028-10-09,145.8435773849487
2028-10-10,150.07102656364438
2028-10-11,155.20220780372617
2028-10-12,159.6932826042175
2028-10-13,163.2556321620941
2028-10-14,165.8552198410034
2028-10-15,168.25203227996823
2028-10-16,170.50753331184384
2028-10-17,173.10767507553098
2028-10-18,175.94363927841184
2028-10-19,178.90549945831296
2028-10-20,182.49624586105344
2028-10-21,186.41085481643674
2028-10-22,190.05888962745664
2028-10-23,194.76902580261228
2028-10-24,201.33006238937375
2028-10-25,209.8710615634918
2028-10-26,222.13689565658566
2028-10-27,238.3078005313873
2028-10-28,254.69855833053586
2028-10-29,268.9581081867218
2028-10-30,281.0435678958893
2028-10-31,290.20150089263916
2028-11-01,293.52755308151245
2028-11-02,296.065221786499
2028-11-03,298.04934000968933
2028-11-04,299.7638761997223
2028-11-05,301.25412678718567
2028-11-06,302.2248833179474
2028-11-07,302.64802598953247
2028-11-08,302.51953768730164
2028-11-09,302.1107220649719
2028-11-10,301.44435596466064
2028-11-11,300.5049250125885
2028-11-12,299.44913625717163
2028-11-13,298.3331501483917
2028-11-14,297.1044671535492
2028-11-15,295.8052570819855
2028-11-16,294.4480857849121
2028-11-17,293.0842852592468
2028-11-18,291.69272112846375
2028-11-19,290.3298110961914
2028-11-20,289.00588488578796
2028-11-21,287.7006392478943
2028-11-22,286.46817660331726
2028-11-23,285.30604314804077
2028-11-24,284.2095489501953
2028-11-25,283.18581795692444
2028-11-26,282.2087686061859
2028-11-27,281.300564289093
2028-11-28,280.41901540756226
2028-11-29,279.6134750843048
2028-11-30,278.88526916503906
2028-12-01,278.36025404930115
2028-12-02,277.97472977638245
2028-12-03,277.6147527694702
2028-12-04,277.25119400024414
2028-12-05,276.8953528404236
2028-12-06,276.58031606674194
2028-12-07,276.2472517490387
2028-12-08,275.920401096344
2028-12-09,275.6029303073883
2028-12-10,275.2767722606659
2028-12-11,274.95767879486084
2028-12-12,274.5951886177063
2028-12-13,274.14141297340393
2028-12-14,273.6241352558136
2028-12-15,273.1020884513855
2028-12-16,272.63210582733154
2028-12-17,272.22859358787537
2028-12-18,271.8762946128845
2028-12-19,271.5805518627167
2028-12-20,271.33699202537537
2028-12-21,271.1246588230133
2028-12-22,270.92051815986633
2028-12-23,270.72451066970825
2028-12-24,270.5298092365265
2028-12-25,270.323096036911
2028-12-26,270.1027681827545
2028-12-27,269.87412905693054
2028-12-28,269.61345195770264
2028-12-29,269.32837533950806
2028-12-30,269.0580611228943
2028-12-31,268.8063087463379
2029-01-01,268.5929465293884
2029-01-02,268.24094438552856
2029-01-03,267.63837718963623
2029-01-04,266.7221188545227
2029-01-05,265.53317165374756
2029-01-06,264.0918388366699
2029-01-07,262.44096302986145
2029-01-08,260.6227140426636
2029-01-09,258.6440575122833
2029-01-10,256.6004147529602
2029-01-11,254.5807361602783
2029-01-12,252.61569428443906
2029-01-13,250.66571164131162
2029-01-14,248.69966053962705
2029-01-15,246.73000788688657
2029-01-16,244.7822217941284
2029-01-17,242.84023380279538
2029-01-18,240.8880348205566
2029-01-19,238.91935181617734
2029-01-20,236.95692205429074
2029-01-21,235.01164913177487
2029-01-22,233.07969403266904
2029-01-23,231.15316104888913
2029-01-24,229.26822400093076
2029-01-25,227.40661787986753
2029-01-26,225.56432557106015
2029-01-27,223.78917646408078
2029-01-28,222.11651325225827
2029-01-29,220.547661781311
2029-01-30,219.16244983673093
2029-01-31,217.84901165962216
2029-02-01,216.82666587829587
2029-02-02,215.63827276229856
2029-02-03,214.17590451240537
2029-02-04,212.36418581008908
2029-02-05,210.23942899703977
2029-02-06,207.88971376419065
2029-02-07,205.42148375511167
2029-02-08,202.84069538116452
2029-02-09,200.25052714347837
2029-02-10,197.67543792724607
2029-02-11,195.1650776863098
2029-02-12,192.75617432594296
2029-02-13,190.46068024635312
2029-02-14,188.35494041442868
2029-02-15,186.40762925148007
2029-02-16,184.61093020439145
2029-02-17,182.25549602508542
2029-02-18,180.0042297840118
2029-02-19,177.91560721397397
2029-02-20,176.01586818695066
2029-02-21,174.23096323013303
2029-02-22,172.6194472312927
2029-02-23,171.11514663696286
2029-02-24,169.77305436134336
2029-02-25,168.5549187660217
2029-02-26,167.47718429565427
2029-02-27,166.5459458827972
2029-02-28,165.67688369750974
2029-03-01,164.72059273719785
2029-03-02,163.34907460212705
2029-03-03,162.03415226936337
2029-03-04,161.01942515373227
2029-03-05,159.9635770320892
2029-03-06,158.87745213508603
2029-03-07,157.88217735290525
2029-03-08,156.89080095291135
2029-03-09,155.9148597717285
2029-03-10,155.0348742008209
2029-03-11,154.21203851699826
2029-03-12,153.4405744075775
2029-03-13,152.68128037452695
2029-03-14,151.96827220916745
2029-03-15,151.33940577507016
2029-03-16,150.74999809265134
2029-03-17,150.22838664054868
2029-03-18,149.7634501457214
2029-03-19,149.31323647499082
2029-03-20,148.89424943923947
2029-03-21,148.5019574165344
2029-03-22,148.15925598144528
2029-03-23,147.9178531169891
2029-03-24,147.76029515266416
2029-03-25,147.67007827758786
2029-03-26,147.61749958992002
2029-03-27,147.59345626831052
2029-03-28,147.59345626831052
2029-03-29,147.6506457328796
2029-03-30,147.7839031219482
2029-03-31,147.93429756164548
2029-04-01,148.15458583831784
2029-04-02,148.28845667839047
2029-04-03,148.34491395950315
2029-04-04,148.32904338836667
2029-04-05,148.20851016044614
2029-04-06,148.0129973888397
2029-04-07,147.81445693969724
2029-04-08,147.61385846137998
2029-04-09,147.38874173164365
2029-04-10,147.16411972045896
2029-04-11,146.91751241683957
2029-04-12,146.7024879455566
2029-04-13,146.499059677124
2029-04-14,146.2787911891937
2029-04-15,146.08088397979733
2029-04-16,145.900826215744
2029-04-17,145.7321271896362
2029-04-18,145.56734633445737
2029-04-19,145.38544821739194
2029-04-20,145.21532440185544
2029-04-21,145.06904602050778
2029-04-22,144.9188890457153
2029-04-23,144.7861461639404
2029-04-24,144.6905467510223
2029-04-25,144.62726235389707
2029-04-26,144.6055541038513
2029-04-27,144.6201384067535
2029-04-28,144.64234137535092
2029-04-29,144.69434618949887
2029-04-30,144.7510607242584
2029-05-01,144.79439806938169
2029-05-02,144.81056547164914
2029-05-03,144.76528882980344
2029-05-04,144.68383836746213
2029-05-05,144.57593035697934
2029-05-06,144.41239619255063
2029-05-07,144.20190334320066
2029-05-08,144.00506472587583
2029-05-09,143.7914452552795
2029-05-10,143.5792505741119
2029-05-11,143.3505718708038
2029-05-12,143.07396483421323
2029-05-13,142.80313611030576
2029-05-14,142.54538774490354
2029-05-15,142.2616567611694
2029-05-16,141.95586133003232
2029-05-17,141.66391801834104
2029-05-18,141.4191708564758
2029-05-19,141.12204289436337
2029-05-20,140.73871517181394
2029-05-21,140.31719517707822
2029-05-22,139.89303338527677
2029-05-23,139.4162731170654
2029-05-24,138.88719141483304
2029-05-25,138.3161971569061
2029-05-26,137.6987587213516
2029-05-27,137.0869798660278
2029-05-28,136.48476886749265
2029-05-29,135.94083571434018
2029-05-30,135.47582995891568
2029-05-31,135.0356590747833
2029-06-01,134.70012116432187
2029-06-02,134.32660865783689
2029-06-03,133.8888915777206
2029-06-04,133.3956670761108
2029-06-05,132.8629739284515
2029-06-06,132.26098060607907
2029-06-07,131.60043239593503
2029-06-08,130.91010212898252
2029-06-09,130.20842301845548
2029-06-10,129.5213677883148
2029-06-11,128.83627164363858
2029-06-12,128.17941403388974
2029-06-13,127.5255445241928
2029-06-14,126.78971004486083
2029-06-15,125.97443366050719
2029-06-16,125.18039059638976
2029-06-17,124.3776602745056
2029-06-18,123.5949363708496
2029-06-19,122.76526367664336
2029-06-20,121.92476654052733
2029-06-21,121.52258014678954
2029-06-22,121.26218008995055
2029-06-23,121.01422715187071
2029-06-24,120.79049563407897
2029-06-25,120.57264137268065
2029-06-26,120.34809851646422
2029-06-27,120.10675501823424
2029-06-28,119.87823462486266
2029-06-29,119.67514276504515
2029-06-30,119.48372626304625
2029-07-01,119.28953933715819
2029-07-02,119.14462637901305
2029-07-03,118.98012256622313
2029-07-04,118.77500236034392
2029-07-05,118.54805517196654
2029-07-06,118.32094967365263
2029-07-07,118.07797360420226
2029-07-08,117.83758985996245
2029-07-09,117.59517776966094
2029-07-10,117.34905529022215
2029-07-11,117.11756658554076
2029-07-12,116.88461351394652
2029-07-13,116.65844798088072
2029-07-14,116.44792544841765
2029-07-15,116.24118256568907
2029-07-16,116.03703200817107
2029-07-17,115.83351469039916
2029-07-18,115.62946307659148
2029-07-19,115.43985724449156
2029-07-20,115.27459156513213
2029-07-21,115.11805272102355
2029-07-22,114.95451855659483
2029-07-23,114.7865912914276
2029-07-24,114.62086057662962
2029-07-25,114.46550905704497
2029-07-26,114.31791472434996
2029-07-27,114.18424177169798
2029-07-28,114.06848752498625
2029-07-29,113.97268033027648
2029-07-30,113.89086377620696
2029-07-31,113.82493758201598
2029-08-01,113.79347348213194
2029-08-02,113.7567455768585
2029-08-03,113.72968447208403
2029-08-04,113.68780159950255
2029-08-05,113.64527559280394
2029-08-06,113.59384465217589
2029-08-07,113.53610110282897
2029-08-08,113.47062015533446
2029-08-09,113.40226984024046
2029-08-10,113.34417009353636
2029-08-11,113.27782833576201
2029-08-12,113.24099159240721
2029-08-13,113.21203076839446
2029-08-14,113.18477177619933
2029-08-15,113.1638352870941
2029-08-16,113.14598584175108
2029-08-17,113.12712717056273
2029-08-18,113.1073977947235
2029-08-19,113.10500335693358
2029-08-20,113.12418854236601
2029-08-21,113.17181015014647
2029-08-22,113.24568152427672
2029-08-23,113.3307830095291
2029-08-24,113.42696619033812
2029-08-25,113.52341651916502
2029-08-26,113.61917424201964
2029-08-27,113.71629738807677
2029-08-28,113.80465412139891
2029-08-29,113.92285227775572
2029-08-30,114.05078649520873
2029-08-31,114.19132614135741
2029-09-01,114.35805618762969
2029-09-02,114.5370750427246
2029-09-03,114.74353098869322
2029-09-04,114.9519064426422
2029-09-05,115.17100739479064
2029-09-06,115.39695525169371
2029-09-07,115.65739488601683
2029-09-08,115.9297671318054
2029-09-09,116.20283198356627
2029-09-10,116.48327803611754
2029-09-11,116.76975965499877
2029-09-12,117.06815409660338
2029-09-13,117.36402547359465
2029-09-14,117.66458678245543
2029-09-15,117.96923446655272
2029-09-16,118.29454159736632
2029-09-17,118.62772464752196
2029-09-18,118.94855952262877
2029-09-19,119.2787742614746
2029-09-20,119.6268582344055
2029-09-21,119.98768615722655
2029-09-22,120.36066436767577
2029-09-23,120.68175649642943
2029-09-24,121.02807927131651
2029-09-25,121.37956690788268
2029-09-26,121.76544737815856
2029-09-27,122.1534056663513
2029-09-28,122.5672674179077
2029-09-29,122.97706258296965
2029-09-30,124.18479919433592
2029-10-01,125.459619641304
2029-10-02,126.56101155281065
2029-10-03,128.08094525337216
2029-10-04,129.76957798004148
2029-10-05,131.68951141834256
2029-10-06,133.77857923507688
2029-10-07,136.03305125236508
2029-10-08,138.75506198406217
2029-10-09,142.87023973464963
2029-10-10,147.22136855125424
2029-10-11,151.69967961311337
2029-10-12,156.77770829200742
2029-10-13,161.0614762306213
2029-10-14,164.109397649765
2029-10-15,166.64342522621152
2029-10-16,168.93951296806333
2029-10-17,171.25042247772214
2029-10-18,173.94143414497373
2029-10-19,176.82322907447812
2029-10-20,179.91868305206296
2029-10-21,183.74525189399716
2029-10-22,187.46723723411557
2029-10-23,191.32010531425473
2029-10-24,196.75803184509275
2029-10-25,203.89222955703733
2029-10-26,213.70287442207334
2029-10-27,228.5642395019531
2029-10-28,245.5185806751251
2029-10-29,261.6267156600952
2029-10-30,275.03329157829285
2029-10-31,285.97591185569763
2029-11-01,290.20150089263916
2029-11-02,293.58507895469666
2029-11-03,296.1805307865143
2029-11-04,298.1776897907257
2029-11-05,299.85154032707214
2029-11-06,301.2553734779358
2029-11-07,302.1089608669281
2029-11-08,302.400488615036
2029-11-09,302.13943552970886
2029-11-10,301.604150056839
2029-11-11,300.82556200027466
2029-11-12,299.793123960495
2029-11-13,298.66496777534485
2029-11-14,297.49614572525024
2029-11-15,296.2354247570038
2029-11-16,294.92701292037964
2029-11-17,293.57757902145386
2029-11-18,292.23600125312805
2029-11-19,290.8767521381378
2029-11-20,289.5526478290558
2029-11-21,288.2741367816925
2029-11-22,287.02079701423645
2029-11-23,285.8451874256134
2029-11-24,284.73982787132263
2029-11-25,283.70242285728455
2029-11-26,282.7371082305908
2029-11-27,281.81766390800476
2029-11-28,280.9603760242462
2029-11-29,280.1599807739258
2029-11-30,279.40492153167725
2029-12-01,278.8021168708801
2029-12-02,278.3245551586151
2029-12-03,277.8923690319061
2029-12-04,277.4775376319885
2029-12-05,277.0592432022095
2029-12-06,276.65689849853516
2029-12-07,276.30566811561584
2029-12-08,275.9481053352356
2029-12-09,275.6085305213928
2029-12-10,275.28888297080994
2029-12-11,274.96935415267944
2029-12-12,274.66403365135193
2029-12-13,274.3203032016754
2029-12-14,273.88851284980774
2029-12-15,273.39486289024353
2029-12-16,272.89695835113525
2029-12-17,272.45097947120667
2029-12-18,272.07044196128845
2029-12-19,271.739732503891
2029-12-20,271.46385765075684
2029-12-21,271.23838472366333
2029-12-22,271.041090965271
2029-12-23,270.8505847454071
2029-12-24,270.6662130355835
2029-12-25,270.4813070297241
2029-12-26,270.2839539051056
2029-12-27,270.0714030265808
2029-12-28,269.84818601608276
2029-12-29,269.59170413017273
2029-12-30,269.31327652931213
2029-12-31,269.04897809028625
2030-01-01,268.8063087463379
2030-01-02,268.42515778541565
2030-01-03,267.80133748054504
2030-01-04,266.86618089675903
2030-01-05,265.66209530830383
2030-01-06,264.2118179798126
2030-01-07,262.5658497810364
2030-01-08,260.7463541030884
2030-01-09,258.75863432884216
2030-01-10,256.712557554245
2030-01-11,254.68080782890317
2030-01-12,252.68165016174314
2030-01-13,250.7242269515991
2030-01-14,248.76799106597898
2030-01-15,246.80763912200925
2030-01-16,244.86009049415586
2030-01-17,242.91151285171506
2030-01-18,240.96151041984555
2030-01-19,239.0075304508209
2030-01-20,237.05578660964963
2030-01-21,235.1187853813171
2030-01-22,233.18688964843747
2030-01-23,231.23356270790097
2030-01-24,229.30257725715634
2030-01-25,227.43072056770322
2030-01-26,225.6142129898071
2030-01-27,223.8311879634857
2030-01-28,222.14641404151914
2030-01-29,220.57952165603635
2030-01-30,219.148558139801
2030-01-31,217.84901165962216
2030-02-01,216.82666587829587
2030-02-02,215.63827276229856
2030-02-03,214.17590451240537
2030-02-04,212.36418581008908
2030-02-05,210.23942899703977
2030-02-06,207.88971376419065
2030-02-07,205.42148375511167
2030-02-08,202.84069538116452
2030-02-09,200.25052714347837
2030-02-10,197.67543792724607
2030-02-11,195.1650776863098
2030-02-12,192.75617432594296
2030-02-13,190.46068024635312
2030-02-14,188.35494041442868
2030-02-15,186.40762925148007
2030-02-16,184.61093020439145
2030-02-17,182.25549602508542
2030-02-18,180.0042297840118
2030-02-19,177.91560721397397
2030-02-20,176.01586818695066
2030-02-21,174.23096323013303
2030-02-22,172.6194472312927
2030-02-23,171.11514663696286
2030-02-24,169.77305436134336
2030-02-25,168.5549187660217
2030-02-26,167.47718429565427
2030-02-27,166.5459458827972
2030-02-28,165.67688369750974
2030-03-01,164.72059273719785
2030-03-02,163.34907460212705
2030-03-03,162.03415226936337
2030-03-04,161.01942515373227
2030-03-05,159.9635770320892
2030-03-06,158.87745213508603
2030-03-07,157.88217735290525
2030-03-08,156.89080095291135
2030-03-09,155.9148597717285
2030-03-10,155.0348742008209
2030-03-11,154.21203851699826
2030-03-12,153.4405744075775
2030-03-13,152.68128037452695
2030-03-14,151.96827220916745
2030-03-15,151.33940577507016
2030-03-16,150.74999809265134
2030-03-17,150.22838664054868
2030-03-18,149.7634501457214
2030-03-19,149.31323647499082
2030-03-20,148.89424943923947
2030-03-21,148.5019574165344
2030-03-22,148.15925598144528
2030-03-23,147.9178531169891
2030-03-24,147.76029515266416
2030-03-25,147.67007827758786
2030-03-26,147.61749958992002
2030-03-27,147.59345626831052
2030-03-28,147.59345626831052
2030-03-29,147.6506457328796
2030-03-30,147.7839031219482
2030-03-31,147.93429756164548
2030-04-01,148.15458583831784
2030-04-02,148.28845667839047
2030-04-03,148.34491395950315
2030-04-04,148.32904338836667
2030-04-05,148.20851016044614
2030-04-06,148.0129973888397
2030-04-07,147.81445693969724
2030-04-08,147.61385846137998
2030-04-09,147.38874173164365
2030-04-10,147.16411972045896
2030-04-11,146.91751241683957
2030-04-12,146.7024879455566
2030-04-13,146.499059677124
2030-04-14,146.2787911891937
2030-04-15,146.08088397979733
2030-04-16,145.900826215744
2030-04-17,145.7321271896362
2030-04-18,145.56734633445737
2030-04-19,145.38544821739194
2030-04-20,145.21532440185544
2030-04-21,145.06904602050778
2030-04-22,144.9188890457153
2030-04-23,144.7861461639404
2030-04-24,144.6905467510223
2030-04-25,144.62726235389707
2030-04-26,144.6055541038513
2030-04-27,144.6201384067535
2030-04-28,144.64234137535092
2030-04-29,144.69434618949887
2030-04-30,144.7510607242584
2030-05-01,144.79439806938169
2030-05-02,144.81056547164914
2030-05-03,144.76528882980344
2030-05-04,144.68383836746213
2030-05-05,144.57593035697934
2030-05-06,144.41239619255063
2030-05-07,144.20190334320066
2030-05-08,144.00506472587583
2030-05-09,143.7914452552795
2030-05-10,143.5792505741119
2030-05-11,143.3505718708038
2030-05-12,143.07396483421323
2030-05-13,142.80313611030576
2030-05-14,142.54538774490354
2030-05-15,142.2616567611694
2030-05-16,141.95586133003232
2030-05-17,141.66391801834104
2030-05-18,141.4191708564758
2030-05-19,141.12204289436337
2030-05-20,140.73871517181394
2030-05-21,140.31719517707822
2030-05-22,139.89303338527677
2030-05-23,139.4162731170654
2030-05-24,138.88719141483304
2030-05-25,138.3161971569061
2030-05-26,137.6987587213516
2030-05-27,137.0869798660278
2030-05-28,136.48476886749265
2030-05-29,135.94083571434018
2030-05-30,135.47582995891568
2030-05-31,135.0356590747833
2030-06-01,134.70012116432187
2030-06-02,134.32660865783689
2030-06-03,133.8888915777206
2030-06-04,133.3956670761108
2030-06-05,132.8629739284515
2030-06-06,132.26098060607907
2030-06-07,131.60043239593503
2030-06-08,130.91010212898252
2030-06-09,130.20842301845548
2030-06-10,129.5213677883148
2030-06-11,128.83627164363858
2030-06-12,128.17941403388974
2030-06-13,127.5255445241928
2030-06-14,126.78971004486083
2030-06-15,125.97443366050719
2030-06-16,125.18039059638976
2030-06-17,124.3776602745056
2030-06-18,123.5949363708496
2030-06-19,122.76526367664336
2030-06-20,121.92476654052733
2030-06-21,121.52258014678954
2030-06-22,121.26218008995055
2030-06-23,121.01422715187071
2030-06-24,120.79049563407897
2030-06-25,120.57264137268065
2030-06-26,120.34809851646422
2030-06-27,120.10675501823424
2030-06-28,119.87823462486266
2030-06-29,119.67514276504515
2030-06-30,119.48372626304625
2030-07-01,119.28953933715819
2030-07-02,119.14462637901305
2030-07-03,118.98012256622313
2030-07-04,118.77500236034392
2030-07-05,118.54805517196654
2030-07-06,118.32094967365263
2030-07-07,118.07797360420226
2030-07-08,117.83758985996245
2030-07-09,117.59517776966094
2030-07-10,117.34905529022215
2030-07-11,117.11756658554076
2030-07-12,116.88461351394652
2030-07-13,116.65844798088072
2030-07-14,116.44792544841765
2030-07-15,116.24118256568907
2030-07-16,116.03703200817107
2030-07-17,115.83351469039916
2030-07-18,115.62946307659148
2030-07-19,115.43985724449156
2030-07-20,115.27459156513213
2030-07-21,115.11805272102355
2030-07-22,114.95451855659483
2030-07-23,114.7865912914276
2030-07-24,114.62086057662962
2030-07-25,114.46550905704497
2030-07-26,114.31791472434996
2030-07-27,114.18424177169798
2030-07-28,114.06848752498625
2030-07-29,113.97268033027648
2030-07-30,113.89086377620696
2030-07-31,113.82493758201598
2030-08-01,113.79347348213194
2030-08-02,113.7567455768585
2030-08-03,113.72968447208403
2030-08-04,113.68780159950255
2030-08-05,113.64527559280394
2030-08-06,113.59384465217589
2030-08-07,113.53610110282897
2030-08-08,113.47062015533446
2030-08-09,113.40226984024046
2030-08-10,113.34417009353636
2030-08-11,113.27782833576201
2030-08-12,113.24099159240721
2030-08-13,113.21203076839446
2030-08-14,113.18477177619933
2030-08-15,113.1638352870941
2030-08-16,113.14598584175108
2030-08-17,113.12712717056273
2030-08-18,113.1073977947235
2030-08-19,113.10500335693358
2030-08-20,113.12418854236601
2030-08-21,113.17181015014647
2030-08-22,113.24568152427672
2030-08-23,113.3307830095291
2030-08-24,113.42696619033812
2030-08-25,113.52341651916502
2030-08-26,113.61917424201964
2030-08-27,113.71629738807677
2030-08-28,113.80465412139891
2030-08-29,113.92285227775572
2030-08-30,114.05078649520873
2030-08-31,114.19132614135741
2030-09-01,114.35805618762969
2030-09-02,114.5370750427246
2030-09-03,114.74353098869322
2030-09-04,114.9519064426422
2030-09-05,115.17100739479064
2030-09-06,115.39695525169371
2030-09-07,115.65739488601683
2030-09-08,115.9297671318054
2030-09-09,116.20283198356627
2030-09-10,116.48327803611754
2030-09-11,116.76975965499877
2030-09-12,117.06815409660338
2030-09-13,117.36402547359465
2030-09-14,117.66458678245543
2030-09-15,117.96923446655272
2030-09-16,118.29454159736632
2030-09-17,118.62772464752196
2030-09-18,118.94855952262877
2030-09-19,119.2787742614746
2030-09-20,119.6268582344055
2030-09-21,119.98768615722655
2030-09-22,120.36066436767577
2030-09-23,120.68175649642943
2030-09-24,121.02807927131651
2030-09-25,121.37956690788268
2030-09-26,121.76544737815856
2030-09-27,122.1534056663513
2030-09-28,122.5672674179077
2030-09-29,122.97706258296965
2030-09-30,124.18479919433592
2030-10-01,125.459619641304
2030-10-02,126.56101155281065
2030-10-03,128.08094525337216
2030-10-04,129.76957798004148
2030-10-05,131.68951141834256
2030-10-06,133.77857923507688
2030-10-07,136.03305125236508
2030-10-08,138.75506198406217
2030-10-09,142.87023973464963
2030-10-10,147.22136855125424
2030-10-11,151.69967961311337
2030-10-12,156.77770829200742
2030-10-13,161.0614762306213
2030-10-14,164.109397649765
2030-10-15,166.64342522621152
2030-10-16,168.93951296806333
2030-10-17,171.25042247772214
2030-10-18,173.94143414497373
2030-10-19,176.82322907447812
2030-10-20,179.91868305206296
2030-10-21,183.74525189399716
2030-10-22,187.46723723411557
2030-10-23,191.32010531425473
2030-10-24,196.75803184509275
2030-10-25,203.89222955703733
2030-10-26,213.70287442207334
2030-10-27,228.5642395019531
2030-10-28,245.5185806751251
2030-10-29,261.6267156600952
2030-10-30,275.03329157829285
2030-10-31,285.97591185569763
2030-11-01,290.20150089263916
2030-11-02,293.58507895469666
2030-11-03,296.1805307865143
2030-11-04,298.1776897907257
2030-11-05,299.85154032707214
2030-11-06,301.2553734779358
2030-11-07,302.1089608669281
2030-11-08,302.400488615036
2030-11-09,302.13943552970886
2030-11-10,301.604150056839
2030-11-11,300.82556200027466
2030-11-12,299.793123960495
2030-11-13,298.66496777534485
2030-11-14,297.49614572525024
2030-11-15,296.2354247570038
2030-11-16,294.92701292037964
2030-11-17,293.57757902145386
2030-11-18,292.23600125312805
2030-11-19,290.8767521381378
2030-11-20,289.5526478290558
2030-11-21,288.2741367816925
2030-11-22,287.02079701423645
2030-11-23,285.8451874256134
2030-11-24,284.73982787132263
2030-11-25,283.70242285728455
2030-11-26,282.7371082305908
2030-11-27,281.81766390800476
2030-11-28,280.9603760242462
2030-11-29,280.1599807739258
2030-11-30,279.40492153167725
2030-12-01,278.8021168708801
2030-12-02,278.3245551586151
2030-12-03,277.8923690319061
2030-12-04,277.4775376319885
2030-12-05,277.0592432022095
2030-12-06,276.65689849853516
2030-12-07,276.30566811561584
2030-12-08,275.9481053352356
2030-12-09,275.6085305213928
2030-12-10,275.28888297080994
2030-12-11,274.96935415267944
2030-12-12,274.66403365135193
2030-12-13,274.3203032016754
2030-12-14,273.88851284980774
2030-12-15,273.39486289024353
2030-12-16,272.89695835113525
2030-12-17,272.45097947120667
2030-12-18,272.07044196128845
2030-12-19,271.739732503891
2030-12-20,271.46385765075684
2030-12-21,271.23838472366333
2030-12-22,271.041090965271
2030-12-23,270.8505847454071
2030-12-24,270.6662130355835
2030-12-25,270.4813070297241
2030-12-26,270.2839539051056
2030-12-27,270.0714030265808
2030-12-28,269.84818601608276
2030-12-29,269.59170413017273
2030-12-30,269.31327652931213
2030-12-31,269.04897809028625
